time_s,phase,ee_x,ee_y,ee_z,box_x,box_y,box_z,gripper_q,fixed_force_N,moving_force_N,fixed_n,moving_n,box_vel,drift_m,box_lift_m
59.542,grasp,0.20756,0.01181,0.01346,0.21917,0.0242,0.01994,0.71454,0.0,0.0,0,0,0.0,nan,-0.0
59.562,grasp,0.20756,0.01181,0.01346,0.21917,0.0242,0.01994,0.70623,0.0,0.0,0,0,0.0,nan,-0.0
59.582,grasp,0.20756,0.01181,0.01346,0.21917,0.0242,0.01994,0.69472,0.0,0.0,0,0,0.0,nan,-0.0
59.602,grasp,0.20756,0.01181,0.01346,0.21917,0.0242,0.01994,0.68552,0.0,0.0,0,0,0.0,nan,-0.0
59.622,grasp,0.20756,0.01181,0.01346,0.21917,0.0242,0.01994,0.67553,0.0,0.0,0,0,0.0,nan,-0.0
59.642,grasp,0.20756,0.01181,0.01346,0.21917,0.0242,0.01994,0.66445,0.0,0.0,0,0,0.0,nan,-0.0
59.662,grasp,0.20756,0.01183,0.01347,0.21917,0.02419,0.01992,0.65543,0.0,1.0703,0,1,0.00224,nan,-1e-05
59.682,grasp,0.2076,0.01196,0.01356,0.21916,0.0241,0.01983,0.64578,0.0,4.5112,0,1,0.00568,nan,-0.00011
59.702,grasp,0.20764,0.01204,0.01363,0.21915,0.02398,0.0197,0.63623,0.0,8.5255,0,1,0.00557,nan,-0.00024
59.722,grasp,0.2077,0.01216,0.01372,0.21914,0.02386,0.01959,0.62585,0.0,13.9592,0,1,0.00531,nan,-0.00034
59.742,grasp,0.20777,0.0123,0.01384,0.21914,0.02373,0.01951,0.61591,0.0,17.6832,0,1,0.00324,nan,-0.00042
59.762,grasp,0.20782,0.01234,0.01388,0.21914,0.02362,0.01946,0.60674,0.0,22.2059,0,1,0.00428,nan,-0.00048
59.782,grasp,0.20793,0.01268,0.01398,0.21912,0.02354,0.01939,0.59629,0.0,21.9892,0,1,0.00234,nan,-0.00054
59.802,grasp,0.20802,0.0131,0.01403,0.21909,0.02351,0.01934,0.58662,0.0,23.3143,0,1,0.00208,nan,-0.0006
59.822,grasp,0.20811,0.01356,0.01411,0.21906,0.02347,0.0193,0.57652,0.0,24.0124,0,1,0.00201,nan,-0.00064
59.842,grasp,0.20818,0.01402,0.01418,0.21902,0.02343,0.01926,0.56665,0.0,25.1744,0,1,0.00172,nan,-0.00068
59.862,grasp,0.20826,0.01448,0.01426,0.21899,0.02339,0.01922,0.55666,0.0,25.7797,0,1,0.00147,nan,-0.00072
59.882,grasp,0.20835,0.01493,0.01438,0.21895,0.02333,0.01921,0.54666,0.0,25.8724,0,1,0.00219,nan,-0.00073
59.902,grasp,0.20845,0.01537,0.01456,0.21892,0.02326,0.01921,0.53664,0.0,25.6965,0,1,0.00278,nan,-0.00073
59.922,grasp,0.20855,0.01581,0.01475,0.2189,0.02318,0.01923,0.52662,0.0,25.537,0,1,0.00282,nan,-0.00071
59.942,grasp,0.20865,0.01626,0.01494,0.21887,0.0231,0.01924,0.51661,0.0,25.4043,0,1,0.00273,nan,-0.00069
59.962,grasp,0.20875,0.01671,0.01512,0.21885,0.02302,0.01926,0.50659,0.0,25.2795,0,1,0.00269,nan,-0.00068
59.982,grasp,0.20884,0.01717,0.01529,0.21882,0.02294,0.01927,0.49657,0.0,25.1681,0,1,0.0027,nan,-0.00066
60.002,grasp,0.20892,0.01762,0.01546,0.2188,0.02286,0.01929,0.48656,0.0,25.0501,0,1,0.00271,nan,-0.00065
60.022,grasp,0.209,0.01807,0.01562,0.21877,0.02278,0.0193,0.47654,0.0,24.9336,0,1,0.00271,nan,-0.00063
60.042,grasp,0.20906,0.01853,0.01577,0.21874,0.02269,0.01932,0.46652,0.0,24.8084,0,1,0.00272,nan,-0.00062
60.062,grasp,0.20913,0.01898,0.01592,0.21871,0.02261,0.01933,0.45651,0.0,24.673,0,1,0.00277,nan,-0.00061
60.082,grasp,0.20918,0.01944,0.01605,0.21868,0.02253,0.01935,0.44649,0.0,24.534,0,1,0.0028,nan,-0.00059
60.102,grasp,0.20923,0.01989,0.01619,0.21865,0.02244,0.01936,0.43648,0.0,24.2492,0,2,0.00284,nan,-0.00058
60.122,grasp,0.20928,0.02038,0.01633,0.21861,0.02236,0.01938,0.42646,0.0,23.8545,0,2,0.00289,nan,-0.00056
60.142,grasp,0.20932,0.02087,0.01646,0.21858,0.02227,0.01939,0.41643,0.0,23.5086,0,2,0.00297,nan,-0.00055
60.162,grasp,0.20935,0.02134,0.01658,0.21854,0.02219,0.01941,0.40643,0.0,23.3248,0,2,0.0029,nan,-0.00053
60.182,grasp,0.20938,0.02182,0.01669,0.21851,0.0221,0.01942,0.3964,0.0,23.0678,0,2,0.00284,nan,-0.00052
60.202,grasp,0.20939,0.02226,0.01678,0.21847,0.02203,0.01944,0.38665,4.4145,25.7187,1,2,0.00327,nan,-0.0005
60.222,lift,0.20911,0.02217,0.01789,0.21812,0.02134,0.02057,0.37421,36.374,40.7956,4,2,0.14272,0.00059,0.00063
60.242,lift,0.2073,0.02146,0.0204,0.21622,0.02034,0.02322,0.363,50.7146,52.2006,5,2,0.13841,0.00091,0.00328
60.262,lift,0.20623,0.02105,0.02325,0.21517,0.01979,0.02615,0.35881,49.3319,52.4142,5,2,0.13144,0.00107,0.00621
60.282,lift,0.20507,0.02055,0.026,0.21396,0.01928,0.029,0.35814,46.5207,50.0367,5,2,0.13076,0.00111,0.00906
60.302,lift,0.20379,0.02011,0.02832,0.21272,0.01883,0.0315,0.35803,45.42,48.8098,5,2,0.15437,0.00119,0.01157
60.322,lift,0.20292,0.01969,0.03124,0.21176,0.01838,0.03458,0.35765,45.1546,48.2598,5,2,0.15222,0.00129,0.01464
60.342,lift,0.20215,0.01929,0.03383,0.21097,0.01796,0.03738,0.3569,45.2218,48.2739,5,2,0.14291,0.00143,0.01744
60.362,lift,0.20135,0.01889,0.0366,0.21006,0.01754,0.04026,0.35597,45.3694,48.2212,5,2,0.14866,0.00154,0.02032
60.382,lift,0.20065,0.01851,0.03907,0.20934,0.01714,0.04296,0.35497,45.4577,48.4056,5,2,0.14806,0.00172,0.02302
60.402,lift,0.2,0.01815,0.04182,0.20857,0.01675,0.04584,0.35398,45.8001,48.5447,6,2,0.15186,0.00186,0.0259
60.422,lift,0.19942,0.01779,0.04428,0.20798,0.01638,0.04856,0.35303,45.7944,48.703,6,2,0.14885,0.00207,0.02862
60.442,lift,0.19893,0.01745,0.047,0.20734,0.01602,0.05141,0.35212,45.8986,48.581,6,2,0.15391,0.00223,0.03147
60.462,lift,0.19853,0.01712,0.04949,0.20684,0.01567,0.0541,0.35121,46.0194,48.5872,6,2,0.16584,0.00243,0.03416
60.482,lift,0.19838,0.01681,0.05241,0.20653,0.01535,0.05716,0.35029,45.9619,48.525,6,2,0.16475,0.0026,0.03722
60.502,lift,0.19815,0.0165,0.055,0.20618,0.01503,0.05996,0.34937,46.1005,48.583,6,2,0.16621,0.00282,0.04002
60.522,lift,0.19804,0.0162,0.05788,0.20589,0.01473,0.06297,0.34846,46.0264,48.498,6,2,0.16504,0.003,0.04303
60.542,lift,0.19797,0.01591,0.06058,0.20561,0.01443,0.0658,0.34756,46.2822,48.5419,7,2,0.18261,0.00319,0.04586
60.562,lift,0.19822,0.01562,0.06385,0.20562,0.01416,0.06914,0.34667,46.1782,48.3888,7,2,0.19738,0.00336,0.0492
60.582,lift,0.19849,0.01534,0.06697,0.20572,0.01389,0.07248,0.34578,46.5057,48.8462,7,3,0.19359,0.00361,0.05254
60.602,lift,0.1989,0.01506,0.07055,0.2059,0.01362,0.07616,0.34498,46.5478,48.7142,7,3,0.22408,0.00381,0.05622
60.622,lift,0.19944,0.01478,0.07418,0.20626,0.01334,0.08003,0.34433,46.2463,48.4826,7,3,0.22402,0.00409,0.06009
60.642,lift,0.20012,0.0145,0.07841,0.20669,0.01306,0.08439,0.3437,46.1977,48.2574,7,3,0.26492,0.00434,0.06445
60.662,lift,0.20094,0.01421,0.08287,0.20732,0.01276,0.08912,0.34303,46.1958,48.2797,7,3,0.26791,0.00466,0.06918
60.682,lift,0.2019,0.0139,0.08814,0.20797,0.01247,0.09447,0.34237,46.1323,48.0547,7,3,0.29581,0.00489,0.07453
60.702,lift,0.2029,0.01358,0.09374,0.20875,0.01213,0.10038,0.34167,46.2185,48.2072,7,3,0.29194,0.00527,0.08044
60.722,lift,0.20398,0.01323,0.10044,0.20956,0.01177,0.10734,0.341,46.1435,48.2145,7,3,0.30463,0.00563,0.0874
60.742,lift,0.20509,0.01285,0.10795,0.21037,0.01137,0.11515,0.34036,46.1133,48.2127,7,3,0.3209,0.00605,0.09521
60.762,lift,0.206,0.01242,0.1167,0.21093,0.01095,0.12412,0.33976,45.7937,47.9486,6,3,0.41285,0.00643,0.10418
60.782,lift,0.20681,0.01199,0.12695,0.21135,0.01052,0.13461,0.33917,45.9662,48.0087,6,4,0.47535,0.00687,0.11468
60.802,lift,0.20727,0.01185,0.13581,0.2115,0.0104,0.14352,0.33862,45.605,47.7717,6,4,0.1373,0.00711,0.12358
60.822,carry,0.20779,0.01277,0.13872,0.21195,0.01131,0.14638,0.3381,45.7699,47.9601,7,4,0.17877,0.00713,0.12644
60.842,carry,0.20969,0.01371,0.14152,0.21392,0.01222,0.14906,0.33781,45.0723,47.1233,7,3,0.10625,0.00701,0.12913
60.862,carry,0.21173,0.01468,0.14091,0.21609,0.01322,0.14838,0.33752,45.1337,47.123,7,3,0.11875,0.00685,0.12844
60.882,carry,0.21397,0.01568,0.14019,0.21852,0.01425,0.14759,0.33719,45.1652,47.1062,7,3,0.12108,0.00667,0.12765
60.902,carry,0.21628,0.01671,0.13942,0.221,0.01531,0.14672,0.33686,45.174,47.0842,8,3,0.1256,0.00648,0.12678
60.922,carry,0.21869,0.01777,0.13856,0.22358,0.01641,0.14578,0.33664,45.7117,47.5558,8,4,0.12996,0.0063,0.12584
60.942,carry,0.22117,0.01887,0.13761,0.22623,0.01754,0.14474,0.33645,45.5471,47.3668,8,4,0.13424,0.00612,0.1248
60.962,carry,0.22374,0.01999,0.13656,0.22896,0.0187,0.14361,0.33622,45.5096,47.2979,8,4,0.13841,0.00594,0.12367
60.982,carry,0.22637,0.02114,0.1354,0.23175,0.01989,0.14237,0.33597,45.5193,47.2839,8,4,0.14236,0.00578,0.12243
61.002,carry,0.22907,0.02232,0.13414,0.2346,0.02111,0.14103,0.33571,45.5528,47.2914,8,4,0.14606,0.00561,0.12109
61.022,carry,0.23181,0.02353,0.13276,0.23749,0.02235,0.13958,0.33545,45.5876,47.303,8,4,0.14942,0.00546,0.11964
61.042,carry,0.2346,0.02476,0.13129,0.24042,0.02362,0.13803,0.3352,45.6331,47.323,8,4,0.15155,0.00531,0.11809
61.062,carry,0.23769,0.02602,0.13033,0.24357,0.02494,0.13687,0.33495,45.5989,47.2283,8,4,0.1484,0.00511,0.11693
61.082,carry,0.24075,0.02731,0.12915,0.24674,0.02627,0.13564,0.33483,45.3519,46.9735,8,4,0.15269,0.00498,0.1157
61.102,carry,0.2438,0.02861,0.12774,0.2499,0.02761,0.13417,0.33468,45.2882,46.878,8,4,0.15499,0.00487,0.11423
61.122,carry,0.24716,0.02995,0.12681,0.25329,0.029,0.13307,0.33436,45.5332,47.0853,8,4,0.15419,0.00472,0.11314
61.142,carry,0.25043,0.03129,0.12561,0.25665,0.03039,0.13185,0.33421,45.3689,46.911,8,4,0.15691,0.00463,0.11191
61.162,carry,0.25394,0.03267,0.1247,0.26016,0.03181,0.13078,0.33405,45.2426,46.7246,8,4,0.15729,0.0045,0.11084
61.182,carry,0.25733,0.03404,0.1235,0.26361,0.03322,0.12957,0.33388,45.2943,46.7083,8,4,0.15889,0.00444,0.10963
61.202,carry,0.26106,0.03535,0.12277,0.26732,0.03467,0.12872,0.33363,45.1504,46.9986,7,4,0.15878,0.00436,0.10878
61.222,carry,0.26459,0.03674,0.12174,0.27089,0.0361,0.12767,0.33333,45.3749,47.1285,7,4,0.16127,0.00432,0.10773
61.242,carry,0.26851,0.03811,0.12122,0.27476,0.03752,0.12707,0.33306,45.2862,47.1687,7,4,0.16078,0.00428,0.10714
61.262,carry,0.27217,0.03946,0.12039,0.27845,0.0389,0.12625,0.33282,45.4563,47.1455,7,4,0.16646,0.00427,0.10632
61.282,carry,0.27627,0.04084,0.12021,0.2825,0.04031,0.12605,0.33261,45.2812,47.1277,7,4,0.16397,0.00428,0.10611
61.302,carry,0.28007,0.04215,0.11973,0.28629,0.04166,0.12561,0.33242,45.4282,47.0228,7,4,0.17571,0.00431,0.10567
61.322,carry,0.28436,0.0435,0.12004,0.29052,0.04302,0.12595,0.33221,45.3538,47.1431,7,4,0.17031,0.00438,0.10601
61.342,carry,0.28828,0.04475,0.12009,0.29441,0.04429,0.12607,0.33202,45.5812,47.0412,7,4,0.19399,0.00445,0.10613
61.362,carry,0.29275,0.04603,0.12116,0.29882,0.04558,0.12714,0.33182,45.4432,46.9607,7,4,0.18577,0.00449,0.1072
61.382,carry,0.29678,0.04718,0.12207,0.30277,0.04674,0.12818,0.33162,45.7296,46.9879,7,4,0.232,0.00463,0.10824
61.402,carry,0.30146,0.04834,0.12422,0.30738,0.0479,0.13039,0.33143,45.5474,46.9091,7,4,0.21385,0.00472,0.11045
61.422,carry,0.30559,0.04931,0.12629,0.31143,0.04888,0.13247,0.33122,45.8492,46.5951,7,4,0.30801,0.00478,0.11253
61.442,carry,0.30972,0.05006,0.13149,0.31543,0.04961,0.13783,0.33101,45.677,46.7029,7,4,0.24616,0.005,0.11789
61.462,lower,0.3105,0.05018,0.13163,0.31611,0.04975,0.13781,0.33085,45.3201,46.4496,7,4,0.35559,0.00495,0.11787
61.482,lower,0.3094,0.05003,0.1224,0.31528,0.04968,0.12828,0.33064,45.5448,46.2171,6,4,0.53721,0.00453,0.10834
61.502,lower,0.30919,0.05,0.10991,0.31546,0.04972,0.11539,0.3304,45.6343,46.0195,6,4,0.63673,0.00399,0.09545
61.522,lower,0.30874,0.04993,0.09688,0.31538,0.04972,0.10203,0.33018,45.4871,46.0437,6,4,0.67973,0.00349,0.08209
61.542,lower,0.30818,0.04985,0.08396,0.31508,0.04969,0.08871,0.32997,45.4084,46.0705,6,4,0.62464,0.00302,0.06877
61.562,lower,0.30769,0.04978,0.07215,0.31479,0.04966,0.07654,0.32978,45.3136,46.0713,6,4,0.57557,0.00264,0.0566
61.582,lower,0.30729,0.04972,0.0613,0.31453,0.04965,0.06536,0.32961,45.244,46.0383,6,4,0.5216,0.00232,0.04542
61.602,lower,0.30677,0.04964,0.05108,0.31421,0.0496,0.0549,0.32946,45.1996,45.9905,6,4,0.47882,0.00202,0.03496
61.622,lower,0.30683,0.04965,0.04197,0.31435,0.04963,0.04556,0.3293,45.1815,46.0699,6,4,0.41998,0.00183,0.02562
61.642,lower,0.30684,0.04965,0.0335,0.31451,0.04965,0.03694,0.32916,45.1801,46.0169,6,4,0.38744,0.00164,0.017
61.662,lower,0.30745,0.04974,0.02611,0.3151,0.04974,0.02931,0.32916,45.1474,49.9185,6,4,0.17723,0.00156,0.00937
61.682,release,0.30827,0.0499,0.02483,0.31564,0.05057,0.02787,0.35686,2.0007,1.1027,2,2,0.08913,0.00197,0.00793
61.702,release,0.30715,0.04962,0.02631,0.31471,0.0526,0.02811,0.4083,0.0,0.0,0,0,0.1369,0.00366,0.00817
61.722,stable,0.30922,0.05002,0.02957,0.31453,0.05551,0.0265,0.47472,0.0,0.0,0,0,0.22939,0.00894,0.00656
61.742,stable,0.30822,0.04985,0.02793,0.31549,0.0591,0.02301,0.5511,0.0,0.0,0,0,0.27603,0.01228,0.00307
61.762,stable,0.30864,0.0499,0.02862,0.31824,0.06141,0.01942,0.63411,0.0,0.0,0,0,0.01903,0.01671,-0.00052
